file,touch_type,location,source,sample_rate,num_sensors,timestamp
touch_00000.npy,tap,head,simulated,2000,8,
touch_00001.npy,tap,head,simulated,2000,8,
touch_00002.npy,tap,head,simulated,2000,8,
touch_00003.npy,tap,head,simulated,2000,8,
touch_00004.npy,tap,head,simulated,2000,8,
touch_00005.npy,tap,head,simulated,2000,8,
touch_00006.npy,tap,head,simulated,2000,8,
touch_00007.npy,tap,head,simulated,2000,8,
touch_00008.npy,tap,head,simulated,2000,8,
touch_00009.npy,tap,head,simulated,2000,8,
touch_00010.npy,tap,head,simulated,2000,8,
touch_00011.npy,tap,head,simulated,2000,8,
touch_00012.npy,tap,head,simulated,2000,8,
touch_00013.npy,tap,head,simulated,2000,8,
touch_00014.npy,tap,head,simulated,2000,8,
touch_00015.npy,tap,head,simulated,2000,8,
touch_00016.npy,tap,head,simulated,2000,8,
touch_00017.npy,tap,head,simulated,2000,8,
touch_00018.npy,tap,head,simulated,2000,8,
touch_00019.npy,tap,head,simulated,2000,8,
touch_00020.npy,tap,head,simulated,2000,8,
touch_00021.npy,tap,head,simulated,2000,8,
touch_00022.npy,tap,head,simulated,2000,8,
touch_00023.npy,tap,head,simulated,2000,8,
touch_00024.npy,tap,head,simulated,2000,8,
touch_00025.npy,tap,head,simulated,2000,8,
touch_00026.npy,tap,head,simulated,2000,8,
touch_00027.npy,tap,head,simulated,2000,8,
touch_00028.npy,tap,head,simulated,2000,8,
touch_00029.npy,tap,head,simulated,2000,8,
touch_00030.npy,tap,front_left,simulated,2000,8,
touch_00031.npy,tap,front_left,simulated,2000,8,
touch_00032.npy,tap,front_left,simulated,2000,8,
touch_00033.npy,tap,front_left,simulated,2000,8,
touch_00034.npy,tap,front_left,simulated,2000,8,
touch_00035.npy,tap,front_left,simulated,2000,8,
touch_00036.npy,tap,front_left,simulated,2000,8,
touch_00037.npy,tap,front_left,simulated,2000,8,
touch_00038.npy,tap,front_left,simulated,2000,8,
touch_00039.npy,tap,front_left,simulated,2000,8,
touch_00040.npy,tap,front_left,simulated,2000,8,
touch_00041.npy,tap,front_left,simulated,2000,8,
touch_00042.npy,tap,front_left,simulated,2000,8,
touch_00043.npy,tap,front_left,simulated,2000,8,
touch_00044.npy,tap,front_left,simulated,2000,8,
touch_00045.npy,tap,front_left,simulated,2000,8,
touch_00046.npy,tap,front_left,simulated,2000,8,
touch_00047.npy,tap,front_left,simulated,2000,8,
touch_00048.npy,tap,front_left,simulated,2000,8,
touch_00049.npy,tap,front_left,simulated,2000,8,
touch_00050.npy,tap,front_left,simulated,2000,8,
touch_00051.npy,tap,front_left,simulated,2000,8,
touch_00052.npy,tap,front_left,simulated,2000,8,
touch_00053.npy,tap,front_left,simulated,2000,8,
touch_00054.npy,tap,front_left,simulated,2000,8,
touch_00055.npy,tap,front_left,simulated,2000,8,
touch_00056.npy,tap,front_left,simulated,2000,8,
touch_00057.npy,tap,front_left,simulated,2000,8,
touch_00058.npy,tap,front_left,simulated,2000,8,
touch_00059.npy,tap,front_left,simulated,2000,8,
touch_00060.npy,tap,front_right,simulated,2000,8,
touch_00061.npy,tap,front_right,simulated,2000,8,
touch_00062.npy,tap,front_right,simulated,2000,8,
touch_00063.npy,tap,front_right,simulated,2000,8,
touch_00064.npy,tap,front_right,simulated,2000,8,
touch_00065.npy,tap,front_right,simulated,2000,8,
touch_00066.npy,tap,front_right,simulated,2000,8,
touch_00067.npy,tap,front_right,simulated,2000,8,
touch_00068.npy,tap,front_right,simulated,2000,8,
touch_00069.npy,tap,front_right,simulated,2000,8,
touch_00070.npy,tap,front_right,simulated,2000,8,
touch_00071.npy,tap,front_right,simulated,2000,8,
touch_00072.npy,tap,front_right,simulated,2000,8,
touch_00073.npy,tap,front_right,simulated,2000,8,
touch_00074.npy,tap,front_right,simulated,2000,8,
touch_00075.npy,tap,front_right,simulated,2000,8,
touch_00076.npy,tap,front_right,simulated,2000,8,
touch_00077.npy,tap,front_right,simulated,2000,8,
touch_00078.npy,tap,front_right,simulated,2000,8,
touch_00079.npy,tap,front_right,simulated,2000,8,
touch_00080.npy,tap,front_right,simulated,2000,8,
touch_00081.npy,tap,front_right,simulated,2000,8,
touch_00082.npy,tap,front_right,simulated,2000,8,
touch_00083.npy,tap,front_right,simulated,2000,8,
touch_00084.npy,tap,front_right,simulated,2000,8,
touch_00085.npy,tap,front_right,simulated,2000,8,
touch_00086.npy,tap,front_right,simulated,2000,8,
touch_00087.npy,tap,front_right,simulated,2000,8,
touch_00088.npy,tap,front_right,simulated,2000,8,
touch_00089.npy,tap,front_right,simulated,2000,8,
touch_00090.npy,tap,mid_back,simulated,2000,8,
touch_00091.npy,tap,mid_back,simulated,2000,8,
touch_00092.npy,tap,mid_back,simulated,2000,8,
touch_00093.npy,tap,mid_back,simulated,2000,8,
touch_00094.npy,tap,mid_back,simulated,2000,8,
touch_00095.npy,tap,mid_back,simulated,2000,8,
touch_00096.npy,tap,mid_back,simulated,2000,8,
touch_00097.npy,tap,mid_back,simulated,2000,8,
touch_00098.npy,tap,mid_back,simulated,2000,8,
touch_00099.npy,tap,mid_back,simulated,2000,8,
touch_00100.npy,tap,mid_back,simulated,2000,8,
touch_00101.npy,tap,mid_back,simulated,2000,8,
touch_00102.npy,tap,mid_back,simulated,2000,8,
touch_00103.npy,tap,mid_back,simulated,2000,8,
touch_00104.npy,tap,mid_back,simulated,2000,8,
touch_00105.npy,tap,mid_back,simulated,2000,8,
touch_00106.npy,tap,mid_back,simulated,2000,8,
touch_00107.npy,tap,mid_back,simulated,2000,8,
touch_00108.npy,tap,mid_back,simulated,2000,8,
touch_00109.npy,tap,mid_back,simulated,2000,8,
touch_00110.npy,tap,mid_back,simulated,2000,8,
touch_00111.npy,tap,mid_back,simulated,2000,8,
touch_00112.npy,tap,mid_back,simulated,2000,8,
touch_00113.npy,tap,mid_back,simulated,2000,8,
touch_00114.npy,tap,mid_back,simulated,2000,8,
touch_00115.npy,tap,mid_back,simulated,2000,8,
touch_00116.npy,tap,mid_back,simulated,2000,8,
touch_00117.npy,tap,mid_back,simulated,2000,8,
touch_00118.npy,tap,mid_back,simulated,2000,8,
touch_00119.npy,tap,mid_back,simulated,2000,8,
touch_00120.npy,tap,rear,simulated,2000,8,
touch_00121.npy,tap,rear,simulated,2000,8,
touch_00122.npy,tap,rear,simulated,2000,8,
touch_00123.npy,tap,rear,simulated,2000,8,
touch_00124.npy,tap,rear,simulated,2000,8,
touch_00125.npy,tap,rear,simulated,2000,8,
touch_00126.npy,tap,rear,simulated,2000,8,
touch_00127.npy,tap,rear,simulated,2000,8,
touch_00128.npy,tap,rear,simulated,2000,8,
touch_00129.npy,tap,rear,simulated,2000,8,
touch_00130.npy,tap,rear,simulated,2000,8,
touch_00131.npy,tap,rear,simulated,2000,8,
touch_00132.npy,tap,rear,simulated,2000,8,
touch_00133.npy,tap,rear,simulated,2000,8,
touch_00134.npy,tap,rear,simulated,2000,8,
touch_00135.npy,tap,rear,simulated,2000,8,
touch_00136.npy,tap,rear,simulated,2000,8,
touch_00137.npy,tap,rear,simulated,2000,8,
touch_00138.npy,tap,rear,simulated,2000,8,
touch_00139.npy,tap,rear,simulated,2000,8,
touch_00140.npy,tap,rear,simulated,2000,8,
touch_00141.npy,tap,rear,simulated,2000,8,
touch_00142.npy,tap,rear,simulated,2000,8,
touch_00143.npy,tap,rear,simulated,2000,8,
touch_00144.npy,tap,rear,simulated,2000,8,
touch_00145.npy,tap,rear,simulated,2000,8,
touch_00146.npy,tap,rear,simulated,2000,8,
touch_00147.npy,tap,rear,simulated,2000,8,
touch_00148.npy,tap,rear,simulated,2000,8,
touch_00149.npy,tap,rear,simulated,2000,8,
touch_00150.npy,hard_tap,head,simulated,2000,8,
touch_00151.npy,hard_tap,head,simulated,2000,8,
touch_00152.npy,hard_tap,head,simulated,2000,8,
touch_00153.npy,hard_tap,head,simulated,2000,8,
touch_00154.npy,hard_tap,head,simulated,2000,8,
touch_00155.npy,hard_tap,head,simulated,2000,8,
touch_00156.npy,hard_tap,head,simulated,2000,8,
touch_00157.npy,hard_tap,head,simulated,2000,8,
touch_00158.npy,hard_tap,head,simulated,2000,8,
touch_00159.npy,hard_tap,head,simulated,2000,8,
touch_00160.npy,hard_tap,head,simulated,2000,8,
touch_00161.npy,hard_tap,head,simulated,2000,8,
touch_00162.npy,hard_tap,head,simulated,2000,8,
touch_00163.npy,hard_tap,head,simulated,2000,8,
touch_00164.npy,hard_tap,head,simulated,2000,8,
touch_00165.npy,hard_tap,head,simulated,2000,8,
touch_00166.npy,hard_tap,head,simulated,2000,8,
touch_00167.npy,hard_tap,head,simulated,2000,8,
touch_00168.npy,hard_tap,head,simulated,2000,8,
touch_00169.npy,hard_tap,head,simulated,2000,8,
touch_00170.npy,hard_tap,head,simulated,2000,8,
touch_00171.npy,hard_tap,head,simulated,2000,8,
touch_00172.npy,hard_tap,head,simulated,2000,8,
touch_00173.npy,hard_tap,head,simulated,2000,8,
touch_00174.npy,hard_tap,head,simulated,2000,8,
touch_00175.npy,hard_tap,head,simulated,2000,8,
touch_00176.npy,hard_tap,head,simulated,2000,8,
touch_00177.npy,hard_tap,head,simulated,2000,8,
touch_00178.npy,hard_tap,head,simulated,2000,8,
touch_00179.npy,hard_tap,head,simulated,2000,8,
touch_00180.npy,hard_tap,front_left,simulated,2000,8,
touch_00181.npy,hard_tap,front_left,simulated,2000,8,
touch_00182.npy,hard_tap,front_left,simulated,2000,8,
touch_00183.npy,hard_tap,front_left,simulated,2000,8,
touch_00184.npy,hard_tap,front_left,simulated,2000,8,
touch_00185.npy,hard_tap,front_left,simulated,2000,8,
touch_00186.npy,hard_tap,front_left,simulated,2000,8,
touch_00187.npy,hard_tap,front_left,simulated,2000,8,
touch_00188.npy,hard_tap,front_left,simulated,2000,8,
touch_00189.npy,hard_tap,front_left,simulated,2000,8,
touch_00190.npy,hard_tap,front_left,simulated,2000,8,
touch_00191.npy,hard_tap,front_left,simulated,2000,8,
touch_00192.npy,hard_tap,front_left,simulated,2000,8,
touch_00193.npy,hard_tap,front_left,simulated,2000,8,
touch_00194.npy,hard_tap,front_left,simulated,2000,8,
touch_00195.npy,hard_tap,front_left,simulated,2000,8,
touch_00196.npy,hard_tap,front_left,simulated,2000,8,
touch_00197.npy,hard_tap,front_left,simulated,2000,8,
touch_00198.npy,hard_tap,front_left,simulated,2000,8,
touch_00199.npy,hard_tap,front_left,simulated,2000,8,
touch_00200.npy,hard_tap,front_left,simulated,2000,8,
touch_00201.npy,hard_tap,front_left,simulated,2000,8,
touch_00202.npy,hard_tap,front_left,simulated,2000,8,
touch_00203.npy,hard_tap,front_left,simulated,2000,8,
touch_00204.npy,hard_tap,front_left,simulated,2000,8,
touch_00205.npy,hard_tap,front_left,simulated,2000,8,
touch_00206.npy,hard_tap,front_left,simulated,2000,8,
touch_00207.npy,hard_tap,front_left,simulated,2000,8,
touch_00208.npy,hard_tap,front_left,simulated,2000,8,
touch_00209.npy,hard_tap,front_left,simulated,2000,8,
touch_00210.npy,hard_tap,front_right,simulated,2000,8,
touch_00211.npy,hard_tap,front_right,simulated,2000,8,
touch_00212.npy,hard_tap,front_right,simulated,2000,8,
touch_00213.npy,hard_tap,front_right,simulated,2000,8,
touch_00214.npy,hard_tap,front_right,simulated,2000,8,
touch_00215.npy,hard_tap,front_right,simulated,2000,8,
touch_00216.npy,hard_tap,front_right,simulated,2000,8,
touch_00217.npy,hard_tap,front_right,simulated,2000,8,
touch_00218.npy,hard_tap,front_right,simulated,2000,8,
touch_00219.npy,hard_tap,front_right,simulated,2000,8,
touch_00220.npy,hard_tap,front_right,simulated,2000,8,
touch_00221.npy,hard_tap,front_right,simulated,2000,8,
touch_00222.npy,hard_tap,front_right,simulated,2000,8,
touch_00223.npy,hard_tap,front_right,simulated,2000,8,
touch_00224.npy,hard_tap,front_right,simulated,2000,8,
touch_00225.npy,hard_tap,front_right,simulated,2000,8,
touch_00226.npy,hard_tap,front_right,simulated,2000,8,
touch_00227.npy,hard_tap,front_right,simulated,2000,8,
touch_00228.npy,hard_tap,front_right,simulated,2000,8,
touch_00229.npy,hard_tap,front_right,simulated,2000,8,
touch_00230.npy,hard_tap,front_right,simulated,2000,8,
touch_00231.npy,hard_tap,front_right,simulated,2000,8,
touch_00232.npy,hard_tap,front_right,simulated,2000,8,
touch_00233.npy,hard_tap,front_right,simulated,2000,8,
touch_00234.npy,hard_tap,front_right,simulated,2000,8,
touch_00235.npy,hard_tap,front_right,simulated,2000,8,
touch_00236.npy,hard_tap,front_right,simulated,2000,8,
touch_00237.npy,hard_tap,front_right,simulated,2000,8,
touch_00238.npy,hard_tap,front_right,simulated,2000,8,
touch_00239.npy,hard_tap,front_right,simulated,2000,8,
touch_00240.npy,hard_tap,mid_back,simulated,2000,8,
touch_00241.npy,hard_tap,mid_back,simulated,2000,8,
touch_00242.npy,hard_tap,mid_back,simulated,2000,8,
touch_00243.npy,hard_tap,mid_back,simulated,2000,8,
touch_00244.npy,hard_tap,mid_back,simulated,2000,8,
touch_00245.npy,hard_tap,mid_back,simulated,2000,8,
touch_00246.npy,hard_tap,mid_back,simulated,2000,8,
touch_00247.npy,hard_tap,mid_back,simulated,2000,8,
touch_00248.npy,hard_tap,mid_back,simulated,2000,8,
touch_00249.npy,hard_tap,mid_back,simulated,2000,8,
touch_00250.npy,hard_tap,mid_back,simulated,2000,8,
touch_00251.npy,hard_tap,mid_back,simulated,2000,8,
touch_00252.npy,hard_tap,mid_back,simulated,2000,8,
touch_00253.npy,hard_tap,mid_back,simulated,2000,8,
touch_00254.npy,hard_tap,mid_back,simulated,2000,8,
touch_00255.npy,hard_tap,mid_back,simulated,2000,8,
touch_00256.npy,hard_tap,mid_back,simulated,2000,8,
touch_00257.npy,hard_tap,mid_back,simulated,2000,8,
touch_00258.npy,hard_tap,mid_back,simulated,2000,8,
touch_00259.npy,hard_tap,mid_back,simulated,2000,8,
touch_00260.npy,hard_tap,mid_back,simulated,2000,8,
touch_00261.npy,hard_tap,mid_back,simulated,2000,8,
touch_00262.npy,hard_tap,mid_back,simulated,2000,8,
touch_00263.npy,hard_tap,mid_back,simulated,2000,8,
touch_00264.npy,hard_tap,mid_back,simulated,2000,8,
touch_00265.npy,hard_tap,mid_back,simulated,2000,8,
touch_00266.npy,hard_tap,mid_back,simulated,2000,8,
touch_00267.npy,hard_tap,mid_back,simulated,2000,8,
touch_00268.npy,hard_tap,mid_back,simulated,2000,8,
touch_00269.npy,hard_tap,mid_back,simulated,2000,8,
touch_00270.npy,hard_tap,rear,simulated,2000,8,
touch_00271.npy,hard_tap,rear,simulated,2000,8,
touch_00272.npy,hard_tap,rear,simulated,2000,8,
touch_00273.npy,hard_tap,rear,simulated,2000,8,
touch_00274.npy,hard_tap,rear,simulated,2000,8,
touch_00275.npy,hard_tap,rear,simulated,2000,8,
touch_00276.npy,hard_tap,rear,simulated,2000,8,
touch_00277.npy,hard_tap,rear,simulated,2000,8,
touch_00278.npy,hard_tap,rear,simulated,2000,8,
touch_00279.npy,hard_tap,rear,simulated,2000,8,
touch_00280.npy,hard_tap,rear,simulated,2000,8,
touch_00281.npy,hard_tap,rear,simulated,2000,8,
touch_00282.npy,hard_tap,rear,simulated,2000,8,
touch_00283.npy,hard_tap,rear,simulated,2000,8,
touch_00284.npy,hard_tap,rear,simulated,2000,8,
touch_00285.npy,hard_tap,rear,simulated,2000,8,
touch_00286.npy,hard_tap,rear,simulated,2000,8,
touch_00287.npy,hard_tap,rear,simulated,2000,8,
touch_00288.npy,hard_tap,rear,simulated,2000,8,
touch_00289.npy,hard_tap,rear,simulated,2000,8,
touch_00290.npy,hard_tap,rear,simulated,2000,8,
touch_00291.npy,hard_tap,rear,simulated,2000,8,
touch_00292.npy,hard_tap,rear,simulated,2000,8,
touch_00293.npy,hard_tap,rear,simulated,2000,8,
touch_00294.npy,hard_tap,rear,simulated,2000,8,
touch_00295.npy,hard_tap,rear,simulated,2000,8,
touch_00296.npy,hard_tap,rear,simulated,2000,8,
touch_00297.npy,hard_tap,rear,simulated,2000,8,
touch_00298.npy,hard_tap,rear,simulated,2000,8,
touch_00299.npy,hard_tap,rear,simulated,2000,8,
touch_00300.npy,scratch,head,simulated,2000,8,
touch_00301.npy,scratch,head,simulated,2000,8,
touch_00302.npy,scratch,head,simulated,2000,8,
touch_00303.npy,scratch,head,simulated,2000,8,
touch_00304.npy,scratch,head,simulated,2000,8,
touch_00305.npy,scratch,head,simulated,2000,8,
touch_00306.npy,scratch,head,simulated,2000,8,
touch_00307.npy,scratch,head,simulated,2000,8,
touch_00308.npy,scratch,head,simulated,2000,8,
touch_00309.npy,scratch,head,simulated,2000,8,
touch_00310.npy,scratch,head,simulated,2000,8,
touch_00311.npy,scratch,head,simulated,2000,8,
touch_00312.npy,scratch,head,simulated,2000,8,
touch_00313.npy,scratch,head,simulated,2000,8,
touch_00314.npy,scratch,head,simulated,2000,8,
touch_00315.npy,scratch,head,simulated,2000,8,
touch_00316.npy,scratch,head,simulated,2000,8,
touch_00317.npy,scratch,head,simulated,2000,8,
touch_00318.npy,scratch,head,simulated,2000,8,
touch_00319.npy,scratch,head,simulated,2000,8,
touch_00320.npy,scratch,head,simulated,2000,8,
touch_00321.npy,scratch,head,simulated,2000,8,
touch_00322.npy,scratch,head,simulated,2000,8,
touch_00323.npy,scratch,head,simulated,2000,8,
touch_00324.npy,scratch,head,simulated,2000,8,
touch_00325.npy,scratch,head,simulated,2000,8,
touch_00326.npy,scratch,head,simulated,2000,8,
touch_00327.npy,scratch,head,simulated,2000,8,
touch_00328.npy,scratch,head,simulated,2000,8,
touch_00329.npy,scratch,head,simulated,2000,8,
touch_00330.npy,scratch,front_left,simulated,2000,8,
touch_00331.npy,scratch,front_left,simulated,2000,8,
touch_00332.npy,scratch,front_left,simulated,2000,8,
touch_00333.npy,scratch,front_left,simulated,2000,8,
touch_00334.npy,scratch,front_left,simulated,2000,8,
touch_00335.npy,scratch,front_left,simulated,2000,8,
touch_00336.npy,scratch,front_left,simulated,2000,8,
touch_00337.npy,scratch,front_left,simulated,2000,8,
touch_00338.npy,scratch,front_left,simulated,2000,8,
touch_00339.npy,scratch,front_left,simulated,2000,8,
touch_00340.npy,scratch,front_left,simulated,2000,8,
touch_00341.npy,scratch,front_left,simulated,2000,8,
touch_00342.npy,scratch,front_left,simulated,2000,8,
touch_00343.npy,scratch,front_left,simulated,2000,8,
touch_00344.npy,scratch,front_left,simulated,2000,8,
touch_00345.npy,scratch,front_left,simulated,2000,8,
touch_00346.npy,scratch,front_left,simulated,2000,8,
touch_00347.npy,scratch,front_left,simulated,2000,8,
touch_00348.npy,scratch,front_left,simulated,2000,8,
touch_00349.npy,scratch,front_left,simulated,2000,8,
touch_00350.npy,scratch,front_left,simulated,2000,8,
touch_00351.npy,scratch,front_left,simulated,2000,8,
touch_00352.npy,scratch,front_left,simulated,2000,8,
touch_00353.npy,scratch,front_left,simulated,2000,8,
touch_00354.npy,scratch,front_left,simulated,2000,8,
touch_00355.npy,scratch,front_left,simulated,2000,8,
touch_00356.npy,scratch,front_left,simulated,2000,8,
touch_00357.npy,scratch,front_left,simulated,2000,8,
touch_00358.npy,scratch,front_left,simulated,2000,8,
touch_00359.npy,scratch,front_left,simulated,2000,8,
touch_00360.npy,scratch,front_right,simulated,2000,8,
touch_00361.npy,scratch,front_right,simulated,2000,8,
touch_00362.npy,scratch,front_right,simulated,2000,8,
touch_00363.npy,scratch,front_right,simulated,2000,8,
touch_00364.npy,scratch,front_right,simulated,2000,8,
touch_00365.npy,scratch,front_right,simulated,2000,8,
touch_00366.npy,scratch,front_right,simulated,2000,8,
touch_00367.npy,scratch,front_right,simulated,2000,8,
touch_00368.npy,scratch,front_right,simulated,2000,8,
touch_00369.npy,scratch,front_right,simulated,2000,8,
touch_00370.npy,scratch,front_right,simulated,2000,8,
touch_00371.npy,scratch,front_right,simulated,2000,8,
touch_00372.npy,scratch,front_right,simulated,2000,8,
touch_00373.npy,scratch,front_right,simulated,2000,8,
touch_00374.npy,scratch,front_right,simulated,2000,8,
touch_00375.npy,scratch,front_right,simulated,2000,8,
touch_00376.npy,scratch,front_right,simulated,2000,8,
touch_00377.npy,scratch,front_right,simulated,2000,8,
touch_00378.npy,scratch,front_right,simulated,2000,8,
touch_00379.npy,scratch,front_right,simulated,2000,8,
touch_00380.npy,scratch,front_right,simulated,2000,8,
touch_00381.npy,scratch,front_right,simulated,2000,8,
touch_00382.npy,scratch,front_right,simulated,2000,8,
touch_00383.npy,scratch,front_right,simulated,2000,8,
touch_00384.npy,scratch,front_right,simulated,2000,8,
touch_00385.npy,scratch,front_right,simulated,2000,8,
touch_00386.npy,scratch,front_right,simulated,2000,8,
touch_00387.npy,scratch,front_right,simulated,2000,8,
touch_00388.npy,scratch,front_right,simulated,2000,8,
touch_00389.npy,scratch,front_right,simulated,2000,8,
touch_00390.npy,scratch,mid_back,simulated,2000,8,
touch_00391.npy,scratch,mid_back,simulated,2000,8,
touch_00392.npy,scratch,mid_back,simulated,2000,8,
touch_00393.npy,scratch,mid_back,simulated,2000,8,
touch_00394.npy,scratch,mid_back,simulated,2000,8,
touch_00395.npy,scratch,mid_back,simulated,2000,8,
touch_00396.npy,scratch,mid_back,simulated,2000,8,
touch_00397.npy,scratch,mid_back,simulated,2000,8,
touch_00398.npy,scratch,mid_back,simulated,2000,8,
touch_00399.npy,scratch,mid_back,simulated,2000,8,
touch_00400.npy,scratch,mid_back,simulated,2000,8,
touch_00401.npy,scratch,mid_back,simulated,2000,8,
touch_00402.npy,scratch,mid_back,simulated,2000,8,
touch_00403.npy,scratch,mid_back,simulated,2000,8,
touch_00404.npy,scratch,mid_back,simulated,2000,8,
touch_00405.npy,scratch,mid_back,simulated,2000,8,
touch_00406.npy,scratch,mid_back,simulated,2000,8,
touch_00407.npy,scratch,mid_back,simulated,2000,8,
touch_00408.npy,scratch,mid_back,simulated,2000,8,
touch_00409.npy,scratch,mid_back,simulated,2000,8,
touch_00410.npy,scratch,mid_back,simulated,2000,8,
touch_00411.npy,scratch,mid_back,simulated,2000,8,
touch_00412.npy,scratch,mid_back,simulated,2000,8,
touch_00413.npy,scratch,mid_back,simulated,2000,8,
touch_00414.npy,scratch,mid_back,simulated,2000,8,
touch_00415.npy,scratch,mid_back,simulated,2000,8,
touch_00416.npy,scratch,mid_back,simulated,2000,8,
touch_00417.npy,scratch,mid_back,simulated,2000,8,
touch_00418.npy,scratch,mid_back,simulated,2000,8,
touch_00419.npy,scratch,mid_back,simulated,2000,8,
touch_00420.npy,scratch,rear,simulated,2000,8,
touch_00421.npy,scratch,rear,simulated,2000,8,
touch_00422.npy,scratch,rear,simulated,2000,8,
touch_00423.npy,scratch,rear,simulated,2000,8,
touch_00424.npy,scratch,rear,simulated,2000,8,
touch_00425.npy,scratch,rear,simulated,2000,8,
touch_00426.npy,scratch,rear,simulated,2000,8,
touch_00427.npy,scratch,rear,simulated,2000,8,
touch_00428.npy,scratch,rear,simulated,2000,8,
touch_00429.npy,scratch,rear,simulated,2000,8,
touch_00430.npy,scratch,rear,simulated,2000,8,
touch_00431.npy,scratch,rear,simulated,2000,8,
touch_00432.npy,scratch,rear,simulated,2000,8,
touch_00433.npy,scratch,rear,simulated,2000,8,
touch_00434.npy,scratch,rear,simulated,2000,8,
touch_00435.npy,scratch,rear,simulated,2000,8,
touch_00436.npy,scratch,rear,simulated,2000,8,
touch_00437.npy,scratch,rear,simulated,2000,8,
touch_00438.npy,scratch,rear,simulated,2000,8,
touch_00439.npy,scratch,rear,simulated,2000,8,
touch_00440.npy,scratch,rear,simulated,2000,8,
touch_00441.npy,scratch,rear,simulated,2000,8,
touch_00442.npy,scratch,rear,simulated,2000,8,
touch_00443.npy,scratch,rear,simulated,2000,8,
touch_00444.npy,scratch,rear,simulated,2000,8,
touch_00445.npy,scratch,rear,simulated,2000,8,
touch_00446.npy,scratch,rear,simulated,2000,8,
touch_00447.npy,scratch,rear,simulated,2000,8,
touch_00448.npy,scratch,rear,simulated,2000,8,
touch_00449.npy,scratch,rear,simulated,2000,8,
touch_00450.npy,pet,head,simulated,2000,8,
touch_00451.npy,pet,head,simulated,2000,8,
touch_00452.npy,pet,head,simulated,2000,8,
touch_00453.npy,pet,head,simulated,2000,8,
touch_00454.npy,pet,head,simulated,2000,8,
touch_00455.npy,pet,head,simulated,2000,8,
touch_00456.npy,pet,head,simulated,2000,8,
touch_00457.npy,pet,head,simulated,2000,8,
touch_00458.npy,pet,head,simulated,2000,8,
touch_00459.npy,pet,head,simulated,2000,8,
touch_00460.npy,pet,head,simulated,2000,8,
touch_00461.npy,pet,head,simulated,2000,8,
touch_00462.npy,pet,head,simulated,2000,8,
touch_00463.npy,pet,head,simulated,2000,8,
touch_00464.npy,pet,head,simulated,2000,8,
touch_00465.npy,pet,head,simulated,2000,8,
touch_00466.npy,pet,head,simulated,2000,8,
touch_00467.npy,pet,head,simulated,2000,8,
touch_00468.npy,pet,head,simulated,2000,8,
touch_00469.npy,pet,head,simulated,2000,8,
touch_00470.npy,pet,head,simulated,2000,8,
touch_00471.npy,pet,head,simulated,2000,8,
touch_00472.npy,pet,head,simulated,2000,8,
touch_00473.npy,pet,head,simulated,2000,8,
touch_00474.npy,pet,head,simulated,2000,8,
touch_00475.npy,pet,head,simulated,2000,8,
touch_00476.npy,pet,head,simulated,2000,8,
touch_00477.npy,pet,head,simulated,2000,8,
touch_00478.npy,pet,head,simulated,2000,8,
touch_00479.npy,pet,head,simulated,2000,8,
touch_00480.npy,pet,front_left,simulated,2000,8,
touch_00481.npy,pet,front_left,simulated,2000,8,
touch_00482.npy,pet,front_left,simulated,2000,8,
touch_00483.npy,pet,front_left,simulated,2000,8,
touch_00484.npy,pet,front_left,simulated,2000,8,
touch_00485.npy,pet,front_left,simulated,2000,8,
touch_00486.npy,pet,front_left,simulated,2000,8,
touch_00487.npy,pet,front_left,simulated,2000,8,
touch_00488.npy,pet,front_left,simulated,2000,8,
touch_00489.npy,pet,front_left,simulated,2000,8,
touch_00490.npy,pet,front_left,simulated,2000,8,
touch_00491.npy,pet,front_left,simulated,2000,8,
touch_00492.npy,pet,front_left,simulated,2000,8,
touch_00493.npy,pet,front_left,simulated,2000,8,
touch_00494.npy,pet,front_left,simulated,2000,8,
touch_00495.npy,pet,front_left,simulated,2000,8,
touch_00496.npy,pet,front_left,simulated,2000,8,
touch_00497.npy,pet,front_left,simulated,2000,8,
touch_00498.npy,pet,front_left,simulated,2000,8,
touch_00499.npy,pet,front_left,simulated,2000,8,
touch_00500.npy,pet,front_left,simulated,2000,8,
touch_00501.npy,pet,front_left,simulated,2000,8,
touch_00502.npy,pet,front_left,simulated,2000,8,
touch_00503.npy,pet,front_left,simulated,2000,8,
touch_00504.npy,pet,front_left,simulated,2000,8,
touch_00505.npy,pet,front_left,simulated,2000,8,
touch_00506.npy,pet,front_left,simulated,2000,8,
touch_00507.npy,pet,front_left,simulated,2000,8,
touch_00508.npy,pet,front_left,simulated,2000,8,
touch_00509.npy,pet,front_left,simulated,2000,8,
touch_00510.npy,pet,front_right,simulated,2000,8,
touch_00511.npy,pet,front_right,simulated,2000,8,
touch_00512.npy,pet,front_right,simulated,2000,8,
touch_00513.npy,pet,front_right,simulated,2000,8,
touch_00514.npy,pet,front_right,simulated,2000,8,
touch_00515.npy,pet,front_right,simulated,2000,8,
touch_00516.npy,pet,front_right,simulated,2000,8,
touch_00517.npy,pet,front_right,simulated,2000,8,
touch_00518.npy,pet,front_right,simulated,2000,8,
touch_00519.npy,pet,front_right,simulated,2000,8,
touch_00520.npy,pet,front_right,simulated,2000,8,
touch_00521.npy,pet,front_right,simulated,2000,8,
touch_00522.npy,pet,front_right,simulated,2000,8,
touch_00523.npy,pet,front_right,simulated,2000,8,
touch_00524.npy,pet,front_right,simulated,2000,8,
touch_00525.npy,pet,front_right,simulated,2000,8,
touch_00526.npy,pet,front_right,simulated,2000,8,
touch_00527.npy,pet,front_right,simulated,2000,8,
touch_00528.npy,pet,front_right,simulated,2000,8,
touch_00529.npy,pet,front_right,simulated,2000,8,
touch_00530.npy,pet,front_right,simulated,2000,8,
touch_00531.npy,pet,front_right,simulated,2000,8,
touch_00532.npy,pet,front_right,simulated,2000,8,
touch_00533.npy,pet,front_right,simulated,2000,8,
touch_00534.npy,pet,front_right,simulated,2000,8,
touch_00535.npy,pet,front_right,simulated,2000,8,
touch_00536.npy,pet,front_right,simulated,2000,8,
touch_00537.npy,pet,front_right,simulated,2000,8,
touch_00538.npy,pet,front_right,simulated,2000,8,
touch_00539.npy,pet,front_right,simulated,2000,8,
touch_00540.npy,pet,mid_back,simulated,2000,8,
touch_00541.npy,pet,mid_back,simulated,2000,8,
touch_00542.npy,pet,mid_back,simulated,2000,8,
touch_00543.npy,pet,mid_back,simulated,2000,8,
touch_00544.npy,pet,mid_back,simulated,2000,8,
touch_00545.npy,pet,mid_back,simulated,2000,8,
touch_00546.npy,pet,mid_back,simulated,2000,8,
touch_00547.npy,pet,mid_back,simulated,2000,8,
touch_00548.npy,pet,mid_back,simulated,2000,8,
touch_00549.npy,pet,mid_back,simulated,2000,8,
touch_00550.npy,pet,mid_back,simulated,2000,8,
touch_00551.npy,pet,mid_back,simulated,2000,8,
touch_00552.npy,pet,mid_back,simulated,2000,8,
touch_00553.npy,pet,mid_back,simulated,2000,8,
touch_00554.npy,pet,mid_back,simulated,2000,8,
touch_00555.npy,pet,mid_back,simulated,2000,8,
touch_00556.npy,pet,mid_back,simulated,2000,8,
touch_00557.npy,pet,mid_back,simulated,2000,8,
touch_00558.npy,pet,mid_back,simulated,2000,8,
touch_00559.npy,pet,mid_back,simulated,2000,8,
touch_00560.npy,pet,mid_back,simulated,2000,8,
touch_00561.npy,pet,mid_back,simulated,2000,8,
touch_00562.npy,pet,mid_back,simulated,2000,8,
touch_00563.npy,pet,mid_back,simulated,2000,8,
touch_00564.npy,pet,mid_back,simulated,2000,8,
touch_00565.npy,pet,mid_back,simulated,2000,8,
touch_00566.npy,pet,mid_back,simulated,2000,8,
touch_00567.npy,pet,mid_back,simulated,2000,8,
touch_00568.npy,pet,mid_back,simulated,2000,8,
touch_00569.npy,pet,mid_back,simulated,2000,8,
touch_00570.npy,pet,rear,simulated,2000,8,
touch_00571.npy,pet,rear,simulated,2000,8,
touch_00572.npy,pet,rear,simulated,2000,8,
touch_00573.npy,pet,rear,simulated,2000,8,
touch_00574.npy,pet,rear,simulated,2000,8,
touch_00575.npy,pet,rear,simulated,2000,8,
touch_00576.npy,pet,rear,simulated,2000,8,
touch_00577.npy,pet,rear,simulated,2000,8,
touch_00578.npy,pet,rear,simulated,2000,8,
touch_00579.npy,pet,rear,simulated,2000,8,
touch_00580.npy,pet,rear,simulated,2000,8,
touch_00581.npy,pet,rear,simulated,2000,8,
touch_00582.npy,pet,rear,simulated,2000,8,
touch_00583.npy,pet,rear,simulated,2000,8,
touch_00584.npy,pet,rear,simulated,2000,8,
touch_00585.npy,pet,rear,simulated,2000,8,
touch_00586.npy,pet,rear,simulated,2000,8,
touch_00587.npy,pet,rear,simulated,2000,8,
touch_00588.npy,pet,rear,simulated,2000,8,
touch_00589.npy,pet,rear,simulated,2000,8,
touch_00590.npy,pet,rear,simulated,2000,8,
touch_00591.npy,pet,rear,simulated,2000,8,
touch_00592.npy,pet,rear,simulated,2000,8,
touch_00593.npy,pet,rear,simulated,2000,8,
touch_00594.npy,pet,rear,simulated,2000,8,
touch_00595.npy,pet,rear,simulated,2000,8,
touch_00596.npy,pet,rear,simulated,2000,8,
touch_00597.npy,pet,rear,simulated,2000,8,
touch_00598.npy,pet,rear,simulated,2000,8,
touch_00599.npy,pet,rear,simulated,2000,8,
real_00600.npy,tap,sensor1_side,real,1000,2,2026-09-20T00:06:26.809265+00:00
real_00601.npy,tap,sensor1_side,real,1000,2,2026-09-20T00:06:27.950399+00:00
real_00602.npy,tap,sensor1_side,real,1000,2,2026-09-20T00:06:28.675201+00:00
real_00603.npy,tap,sensor1_side,real,1000,2,2026-09-20T00:06:29.101478+00:00
real_00604.npy,tap,sensor1_side,real,1000,2,2026-09-20T00:06:29.558231+00:00
real_00605.npy,tap,sensor1_side,real,1000,2,2026-09-20T00:06:30.183964+00:00
real_00606.npy,tap,sensor1_side,real,1000,2,2026-09-20T00:06:30.634174+00:00
real_00607.npy,tap,sensor1_side,real,1000,2,2026-09-20T00:06:31.054950+00:00
real_00608.npy,tap,sensor1_side,real,1000,2,2026-09-20T00:06:31.457550+00:00
real_00609.npy,tap,sensor1_side,real,1000,2,2026-09-20T00:06:31.878817+00:00
real_00610.npy,tap,sensor1_side,real,1000,2,2026-09-20T00:06:32.471256+00:00
real_00611.npy,tap,sensor1_side,real,1000,2,2026-09-20T00:06:33.262946+00:00
real_00612.npy,tap,sensor1_side,real,1000,2,2026-09-20T00:06:33.689191+00:00
real_00613.npy,tap,sensor1_side,real,1000,2,2026-09-20T00:06:34.357196+00:00
real_00614.npy,tap,sensor1_side,real,1000,2,2026-09-20T00:06:34.970469+00:00
real_00615.npy,tap,sensor1_side,real,1000,2,2026-09-20T00:06:36.027636+00:00
real_00616.npy,tap,sensor1_side,real,1000,2,2026-09-20T00:06:36.511212+00:00
real_00617.npy,tap,sensor1_side,real,1000,2,2026-09-20T00:06:37.288848+00:00
real_00618.npy,tap,sensor1_side,real,1000,2,2026-09-20T00:06:37.856609+00:00
real_00619.npy,tap,sensor1_side,real,1000,2,2026-09-20T00:06:38.592733+00:00
real_00620.npy,tap,sensor1_side,real,1000,2,2026-09-20T00:06:39.181988+00:00
real_00621.npy,tap,sensor1_side,real,1000,2,2026-09-20T00:06:40.007944+00:00
real_00622.npy,tap,sensor1_side,real,1000,2,2026-09-20T00:06:40.546174+00:00
real_00623.npy,tap,sensor1_side,real,1000,2,2026-09-20T00:06:40.993027+00:00
real_00624.npy,tap,sensor1_side,real,1000,2,2026-09-20T00:06:41.900247+00:00
real_00625.npy,tap,sensor1_side,real,1000,2,2026-09-20T00:06:42.419498+00:00
real_00626.npy,tap,sensor1_side,real,1000,2,2026-09-20T00:06:43.230641+00:00
real_00627.npy,tap,sensor1_side,real,1000,2,2026-09-20T00:06:43.690566+00:00
real_00628.npy,tap,sensor1_side,real,1000,2,2026-09-20T00:06:44.149496+00:00
real_00629.npy,tap,sensor1_side,real,1000,2,2026-09-20T00:06:44.946195+00:00
real_00630.npy,tap,sensor1_side,real,1000,2,2026-09-20T00:13:21.630780+00:00
real_00631.npy,tap,sensor1_side,real,1000,2,2026-09-20T00:13:22.328207+00:00
real_00632.npy,tap,sensor1_side,real,1000,2,2026-09-20T00:13:23.260251+00:00
real_00633.npy,tap,sensor1_side,real,1000,2,2026-09-20T00:13:24.088376+00:00
real_00634.npy,tap,sensor1_side,real,1000,2,2026-09-20T00:13:24.489496+00:00
real_00635.npy,tap,sensor1_side,real,1000,2,2026-09-20T00:13:24.955119+00:00
real_00636.npy,tap,sensor1_side,real,1000,2,2026-09-20T00:13:25.351998+00:00
real_00637.npy,tap,sensor1_side,real,1000,2,2026-09-20T00:13:25.752040+00:00
real_00638.npy,tap,sensor1_side,real,1000,2,2026-09-20T00:13:26.152424+00:00
real_00639.npy,tap,sensor1_side,real,1000,2,2026-09-20T00:13:26.553491+00:00
real_00640.npy,tap,sensor1_side,real,1000,2,2026-09-20T00:13:26.953009+00:00
real_00641.npy,tap,sensor1_side,real,1000,2,2026-09-20T00:13:27.350472+00:00
real_00642.npy,tap,sensor1_side,real,1000,2,2026-09-20T00:13:27.751021+00:00
real_00643.npy,tap,sensor1_side,real,1000,2,2026-09-20T00:13:28.150321+00:00
real_00644.npy,tap,sensor1_side,real,1000,2,2026-09-20T00:13:28.555322+00:00
real_00645.npy,tap,sensor1_side,real,1000,2,2026-09-20T00:13:28.950076+00:00
real_00646.npy,tap,sensor1_side,real,1000,2,2026-09-20T00:13:29.347272+00:00
real_00647.npy,tap,sensor1_side,real,1000,2,2026-09-20T00:13:29.768202+00:00
real_00648.npy,tap,sensor1_side,real,1000,2,2026-09-20T00:13:30.168204+00:00
real_00649.npy,tap,sensor1_side,real,1000,2,2026-09-20T00:13:30.570995+00:00
real_00650.npy,tap,sensor1_side,real,1000,2,2026-09-20T00:13:30.971785+00:00
real_00651.npy,tap,sensor1_side,real,1000,2,2026-09-20T00:13:31.373203+00:00
real_00652.npy,tap,sensor1_side,real,1000,2,2026-09-20T00:13:31.770629+00:00
real_00653.npy,tap,sensor1_side,real,1000,2,2026-09-20T00:13:32.171924+00:00
real_00654.npy,tap,sensor1_side,real,1000,2,2026-09-20T00:13:32.572089+00:00
real_00655.npy,tap,sensor1_side,real,1000,2,2026-09-20T00:13:32.966769+00:00
real_00656.npy,tap,sensor1_side,real,1000,2,2026-09-20T00:13:33.369553+00:00
real_00657.npy,tap,sensor1_side,real,1000,2,2026-09-20T00:13:33.768485+00:00
real_00658.npy,tap,sensor1_side,real,1000,2,2026-09-20T00:13:34.177815+00:00
real_00659.npy,tap,sensor1_side,real,1000,2,2026-09-20T00:13:34.618194+00:00
real_00660.npy,tap,sensor1_side,real,1000,2,2026-09-20T00:47:21.526226+00:00
real_00661.npy,tap,sensor1_side,real,1000,2,2026-09-20T00:47:22.191268+00:00
real_00662.npy,tap,sensor1_side,real,1000,2,2026-09-20T00:47:22.720850+00:00
real_00663.npy,tap,sensor1_side,real,1000,2,2026-09-20T00:47:23.124432+00:00
real_00664.npy,tap,sensor1_side,real,1000,2,2026-09-20T00:47:23.575175+00:00
real_00665.npy,tap,sensor1_side,real,1000,2,2026-09-20T00:47:24.047460+00:00
real_00666.npy,tap,sensor1_side,real,1000,2,2026-09-20T00:47:24.449064+00:00
real_00667.npy,tap,sensor1_side,real,1000,2,2026-09-20T00:47:24.872697+00:00
real_00668.npy,tap,sensor1_side,real,1000,2,2026-09-20T00:47:25.270802+00:00
real_00669.npy,tap,sensor1_side,real,1000,2,2026-09-20T00:47:25.697368+00:00
real_00670.npy,tap,sensor1_side,real,1000,2,2026-09-20T00:47:26.093726+00:00
real_00671.npy,tap,sensor1_side,real,1000,2,2026-09-20T00:47:26.494956+00:00
real_00672.npy,tap,sensor1_side,real,1000,2,2026-09-20T00:47:27.073270+00:00
real_00673.npy,tap,sensor1_side,real,1000,2,2026-09-20T00:47:27.469082+00:00
real_00674.npy,tap,sensor1_side,real,1000,2,2026-09-20T00:47:27.871727+00:00
real_00675.npy,tap,sensor1_side,real,1000,2,2026-09-20T00:47:28.272763+00:00
real_00676.npy,tap,sensor1_side,real,1000,2,2026-09-20T00:47:28.676046+00:00
real_00677.npy,tap,sensor1_side,real,1000,2,2026-09-20T00:47:29.074439+00:00
real_00678.npy,tap,sensor1_side,real,1000,2,2026-09-20T00:47:29.472673+00:00
real_00679.npy,tap,sensor1_side,real,1000,2,2026-09-20T00:47:30.044815+00:00
real_00680.npy,tap,sensor1_side,real,1000,2,2026-09-20T00:47:30.444401+00:00
real_00681.npy,tap,sensor1_side,real,1000,2,2026-09-20T00:47:30.844727+00:00
real_00682.npy,tap,sensor1_side,real,1000,2,2026-09-20T00:47:31.244918+00:00
real_00683.npy,tap,sensor1_side,real,1000,2,2026-09-20T00:47:31.644464+00:00
real_00684.npy,tap,sensor1_side,real,1000,2,2026-09-20T00:47:32.041688+00:00
real_00685.npy,tap,sensor1_side,real,1000,2,2026-09-20T00:47:32.612380+00:00
real_00686.npy,tap,sensor1_side,real,1000,2,2026-09-20T00:47:33.009890+00:00
real_00687.npy,tap,sensor1_side,real,1000,2,2026-09-20T00:47:33.413785+00:00
real_00688.npy,tap,sensor1_side,real,1000,2,2026-09-20T00:47:33.812895+00:00
real_00689.npy,tap,sensor1_side,real,1000,2,2026-09-20T00:47:34.210743+00:00
real_00690.npy,pet,sensor1_side,real,1000,2,2026-09-20T00:47:54.232362+00:00
real_00691.npy,pet,sensor1_side,real,1000,2,2026-09-20T00:47:54.682108+00:00
real_00692.npy,pet,sensor1_side,real,1000,2,2026-09-20T00:47:55.101733+00:00
real_00693.npy,pet,sensor1_side,real,1000,2,2026-09-20T00:47:55.557157+00:00
real_00694.npy,pet,sensor1_side,real,1000,2,2026-09-20T00:47:56.127605+00:00
real_00695.npy,pet,sensor1_side,real,1000,2,2026-09-20T00:47:56.667571+00:00
real_00696.npy,pet,sensor1_side,real,1000,2,2026-09-20T00:47:57.091125+00:00
real_00697.npy,pet,sensor1_side,real,1000,2,2026-09-20T00:47:57.508620+00:00
real_00698.npy,pet,sensor1_side,real,1000,2,2026-09-20T00:47:57.911492+00:00
real_00699.npy,pet,sensor1_side,real,1000,2,2026-09-20T00:47:58.312400+00:00
real_00700.npy,pet,sensor1_side,real,1000,2,2026-09-20T00:47:58.711319+00:00
real_00701.npy,pet,sensor1_side,real,1000,2,2026-09-20T00:47:59.130153+00:00
real_00702.npy,pet,sensor1_side,real,1000,2,2026-09-20T00:47:59.545244+00:00
real_00703.npy,pet,sensor1_side,real,1000,2,2026-09-20T00:47:59.948220+00:00
real_00704.npy,pet,sensor1_side,real,1000,2,2026-09-20T00:48:00.351982+00:00
real_00705.npy,pet,sensor1_side,real,1000,2,2026-09-20T00:48:00.752355+00:00
real_00706.npy,pet,sensor1_side,real,1000,2,2026-09-20T00:48:01.183425+00:00
real_00707.npy,pet,sensor1_side,real,1000,2,2026-09-20T00:48:01.627790+00:00
real_00708.npy,pet,sensor1_side,real,1000,2,2026-09-20T00:48:02.087534+00:00
real_00709.npy,pet,sensor1_side,real,1000,2,2026-09-20T00:48:02.495932+00:00
real_00710.npy,pet,sensor1_side,real,1000,2,2026-09-20T00:48:02.954375+00:00
real_00711.npy,pet,sensor1_side,real,1000,2,2026-09-20T00:48:03.382349+00:00
real_00712.npy,pet,sensor1_side,real,1000,2,2026-09-20T00:48:03.927867+00:00
real_00713.npy,pet,sensor1_side,real,1000,2,2026-09-20T00:48:04.514979+00:00
real_00714.npy,pet,sensor1_side,real,1000,2,2026-09-20T00:48:05.116222+00:00
real_00715.npy,pet,sensor1_side,real,1000,2,2026-09-20T00:48:05.658169+00:00
real_00716.npy,pet,sensor1_side,real,1000,2,2026-09-20T00:48:06.152453+00:00
real_00717.npy,pet,sensor1_side,real,1000,2,2026-09-20T00:48:06.679684+00:00
real_00718.npy,pet,sensor1_side,real,1000,2,2026-09-20T00:48:07.251126+00:00
real_00719.npy,pet,sensor1_side,real,1000,2,2026-09-20T00:48:07.650561+00:00
real_00720.npy,scratch,sensor1_side,real,1000,2,2026-09-20T00:48:20.825959+00:00
real_00721.npy,scratch,sensor1_side,real,1000,2,2026-09-20T00:48:21.225314+00:00
real_00722.npy,scratch,sensor1_side,real,1000,2,2026-09-20T00:48:21.624576+00:00
real_00723.npy,scratch,sensor1_side,real,1000,2,2026-09-20T00:48:22.024190+00:00
real_00724.npy,scratch,sensor1_side,real,1000,2,2026-09-20T00:48:22.422318+00:00
real_00725.npy,scratch,sensor1_side,real,1000,2,2026-09-20T00:48:22.890463+00:00
real_00726.npy,scratch,sensor1_side,real,1000,2,2026-09-20T00:48:23.284949+00:00
real_00727.npy,scratch,sensor1_side,real,1000,2,2026-09-20T00:48:23.741600+00:00
real_00728.npy,scratch,sensor1_side,real,1000,2,2026-09-20T00:48:24.135943+00:00
real_00729.npy,scratch,sensor1_side,real,1000,2,2026-09-20T00:48:24.540355+00:00
real_00730.npy,scratch,sensor1_side,real,1000,2,2026-09-20T00:48:24.938838+00:00
real_00731.npy,scratch,sensor1_side,real,1000,2,2026-09-20T00:48:25.333334+00:00
real_00732.npy,scratch,sensor1_side,real,1000,2,2026-09-20T00:48:25.736727+00:00
real_00733.npy,scratch,sensor1_side,real,1000,2,2026-09-20T00:48:26.148559+00:00
real_00734.npy,scratch,sensor1_side,real,1000,2,2026-09-20T00:48:26.546974+00:00
real_00735.npy,scratch,sensor1_side,real,1000,2,2026-09-20T00:48:26.947609+00:00
real_00736.npy,scratch,sensor1_side,real,1000,2,2026-09-20T00:48:27.347306+00:00
real_00737.npy,scratch,sensor1_side,real,1000,2,2026-09-20T00:48:27.745205+00:00
real_00738.npy,scratch,sensor1_side,real,1000,2,2026-09-20T00:48:28.145013+00:00
real_00739.npy,scratch,sensor1_side,real,1000,2,2026-09-20T00:48:28.557144+00:00
real_00740.npy,scratch,sensor1_side,real,1000,2,2026-09-20T00:48:28.939571+00:00
real_00741.npy,scratch,sensor1_side,real,1000,2,2026-09-20T00:48:29.344964+00:00
real_00742.npy,scratch,sensor1_side,real,1000,2,2026-09-20T00:48:29.761120+00:00
real_00743.npy,scratch,sensor1_side,real,1000,2,2026-09-20T00:48:30.166223+00:00
real_00744.npy,scratch,sensor1_side,real,1000,2,2026-09-20T00:48:30.563992+00:00
real_00745.npy,scratch,sensor1_side,real,1000,2,2026-09-20T00:48:30.963358+00:00
real_00746.npy,scratch,sensor1_side,real,1000,2,2026-09-20T00:48:31.365828+00:00
real_00747.npy,scratch,sensor1_side,real,1000,2,2026-09-20T00:48:31.792740+00:00
real_00748.npy,scratch,sensor1_side,real,1000,2,2026-09-20T00:48:32.195746+00:00
real_00749.npy,scratch,sensor1_side,real,1000,2,2026-09-20T00:48:32.596912+00:00
real_00750.npy,hard_tap,sensor1_side,real,1000,2,2026-09-20T00:48:45.837962+00:00
real_00751.npy,hard_tap,sensor1_side,real,1000,2,2026-09-20T00:48:46.489745+00:00
real_00752.npy,hard_tap,sensor1_side,real,1000,2,2026-09-20T00:48:46.888767+00:00
real_00753.npy,hard_tap,sensor1_side,real,1000,2,2026-09-20T00:48:47.287989+00:00
real_00754.npy,hard_tap,sensor1_side,real,1000,2,2026-09-20T00:48:47.691138+00:00
real_00755.npy,hard_tap,sensor1_side,real,1000,2,2026-09-20T00:48:48.086341+00:00
real_00756.npy,hard_tap,sensor1_side,real,1000,2,2026-09-20T00:48:48.487678+00:00
real_00757.npy,hard_tap,sensor1_side,real,1000,2,2026-09-20T00:48:48.889523+00:00
real_00758.npy,hard_tap,sensor1_side,real,1000,2,2026-09-20T00:48:49.289479+00:00
real_00759.npy,hard_tap,sensor1_side,real,1000,2,2026-09-20T00:48:49.685784+00:00
real_00760.npy,hard_tap,sensor1_side,real,1000,2,2026-09-20T00:48:50.085836+00:00
real_00761.npy,hard_tap,sensor1_side,real,1000,2,2026-09-20T00:48:50.483619+00:00
real_00762.npy,hard_tap,sensor1_side,real,1000,2,2026-09-20T00:48:50.885142+00:00
real_00763.npy,hard_tap,sensor1_side,real,1000,2,2026-09-20T00:48:51.283866+00:00
real_00764.npy,hard_tap,sensor1_side,real,1000,2,2026-09-20T00:48:51.680849+00:00
real_00765.npy,hard_tap,sensor1_side,real,1000,2,2026-09-20T00:48:52.081743+00:00
real_00766.npy,hard_tap,sensor1_side,real,1000,2,2026-09-20T00:48:52.483912+00:00
real_00767.npy,hard_tap,sensor1_side,real,1000,2,2026-09-20T00:48:52.878391+00:00
real_00768.npy,hard_tap,sensor1_side,real,1000,2,2026-09-20T00:48:53.282726+00:00
real_00769.npy,hard_tap,sensor1_side,real,1000,2,2026-09-20T00:48:53.692999+00:00
real_00770.npy,hard_tap,sensor1_side,real,1000,2,2026-09-20T00:48:54.095030+00:00
real_00771.npy,hard_tap,sensor1_side,real,1000,2,2026-09-20T00:48:54.492511+00:00
real_00772.npy,hard_tap,sensor1_side,real,1000,2,2026-09-20T00:48:54.897596+00:00
real_00773.npy,hard_tap,sensor1_side,real,1000,2,2026-09-20T00:48:55.304855+00:00
real_00774.npy,hard_tap,sensor1_side,real,1000,2,2026-09-20T00:48:55.701976+00:00
real_00775.npy,hard_tap,sensor1_side,real,1000,2,2026-09-20T00:48:56.099342+00:00
real_00776.npy,hard_tap,sensor1_side,real,1000,2,2026-09-20T00:48:56.501658+00:00
real_00777.npy,hard_tap,sensor1_side,real,1000,2,2026-09-20T00:48:56.898281+00:00
real_00778.npy,hard_tap,sensor1_side,real,1000,2,2026-09-20T00:48:57.296548+00:00
real_00779.npy,hard_tap,sensor1_side,real,1000,2,2026-09-20T00:48:57.699375+00:00
real_00780.npy,tap,sensor2_side,real,1000,2,2026-09-20T00:49:07.877672+00:00
real_00781.npy,tap,sensor2_side,real,1000,2,2026-09-20T00:49:08.420139+00:00
real_00782.npy,tap,sensor2_side,real,1000,2,2026-09-20T00:49:08.818720+00:00
real_00783.npy,tap,sensor2_side,real,1000,2,2026-09-20T00:49:09.229030+00:00
real_00784.npy,tap,sensor2_side,real,1000,2,2026-09-20T00:49:09.625687+00:00
real_00785.npy,tap,sensor2_side,real,1000,2,2026-09-20T00:49:10.046902+00:00
real_00786.npy,tap,sensor2_side,real,1000,2,2026-09-20T00:49:10.455747+00:00
real_00787.npy,tap,sensor2_side,real,1000,2,2026-09-20T00:49:10.847106+00:00
real_00788.npy,tap,sensor2_side,real,1000,2,2026-09-20T00:49:11.241735+00:00
real_00789.npy,tap,sensor2_side,real,1000,2,2026-09-20T00:49:11.643443+00:00
real_00790.npy,tap,sensor2_side,real,1000,2,2026-09-20T00:49:12.066465+00:00
real_00791.npy,tap,sensor2_side,real,1000,2,2026-09-20T00:49:12.466585+00:00
real_00792.npy,tap,sensor2_side,real,1000,2,2026-09-20T00:49:12.868014+00:00
real_00793.npy,tap,sensor2_side,real,1000,2,2026-09-20T00:49:13.266142+00:00
real_00794.npy,tap,sensor2_side,real,1000,2,2026-09-20T00:49:13.666203+00:00
real_00795.npy,tap,sensor2_side,real,1000,2,2026-09-20T00:49:14.065047+00:00
real_00796.npy,tap,sensor2_side,real,1000,2,2026-09-20T00:49:14.540932+00:00
real_00797.npy,tap,sensor2_side,real,1000,2,2026-09-20T00:49:14.994820+00:00
real_00798.npy,tap,sensor2_side,real,1000,2,2026-09-20T00:49:15.396802+00:00
real_00799.npy,tap,sensor2_side,real,1000,2,2026-09-20T00:49:15.791503+00:00
real_00800.npy,tap,sensor2_side,real,1000,2,2026-09-20T00:49:16.200999+00:00
real_00801.npy,tap,sensor2_side,real,1000,2,2026-09-20T00:49:16.598067+00:00
real_00802.npy,tap,sensor2_side,real,1000,2,2026-09-20T00:49:17.093474+00:00
real_00803.npy,tap,sensor2_side,real,1000,2,2026-09-20T00:49:17.493291+00:00
real_00804.npy,tap,sensor2_side,real,1000,2,2026-09-20T00:49:17.898338+00:00
real_00805.npy,tap,sensor2_side,real,1000,2,2026-09-20T00:49:18.329181+00:00
real_00806.npy,tap,sensor2_side,real,1000,2,2026-09-20T00:49:18.766919+00:00
real_00807.npy,tap,sensor2_side,real,1000,2,2026-09-20T00:49:19.164576+00:00
real_00808.npy,tap,sensor2_side,real,1000,2,2026-09-20T00:49:19.565295+00:00
real_00809.npy,tap,sensor2_side,real,1000,2,2026-09-20T00:49:19.965072+00:00
real_00810.npy,pet,sensor2_side,real,1000,2,2026-09-20T00:49:29.516720+00:00
real_00811.npy,pet,sensor2_side,real,1000,2,2026-09-20T00:49:29.936033+00:00
real_00812.npy,pet,sensor2_side,real,1000,2,2026-09-20T00:49:30.357089+00:00
real_00813.npy,pet,sensor2_side,real,1000,2,2026-09-20T00:49:30.830485+00:00
real_00814.npy,pet,sensor2_side,real,1000,2,2026-09-20T00:49:31.234992+00:00
real_00815.npy,pet,sensor2_side,real,1000,2,2026-09-20T00:49:31.632088+00:00
real_00816.npy,pet,sensor2_side,real,1000,2,2026-09-20T00:49:32.031426+00:00
real_00817.npy,pet,sensor2_side,real,1000,2,2026-09-20T00:49:32.449878+00:00
real_00818.npy,pet,sensor2_side,real,1000,2,2026-09-20T00:49:32.846720+00:00
real_00819.npy,pet,sensor2_side,real,1000,2,2026-09-20T00:49:33.263474+00:00
real_00820.npy,pet,sensor2_side,real,1000,2,2026-09-20T00:49:33.795905+00:00
real_00821.npy,pet,sensor2_side,real,1000,2,2026-09-20T00:49:34.196023+00:00
real_00822.npy,pet,sensor2_side,real,1000,2,2026-09-20T00:49:34.606143+00:00
real_00823.npy,pet,sensor2_side,real,1000,2,2026-09-20T00:49:35.008266+00:00
real_00824.npy,pet,sensor2_side,real,1000,2,2026-09-20T00:49:35.537051+00:00
real_00825.npy,pet,sensor2_side,real,1000,2,2026-09-20T00:49:35.933078+00:00
real_00826.npy,pet,sensor2_side,real,1000,2,2026-09-20T00:49:36.366069+00:00
real_00827.npy,pet,sensor2_side,real,1000,2,2026-09-20T00:49:36.789060+00:00
real_00828.npy,pet,sensor2_side,real,1000,2,2026-09-20T00:49:37.237677+00:00
real_00829.npy,pet,sensor2_side,real,1000,2,2026-09-20T00:49:37.686400+00:00
real_00830.npy,pet,sensor2_side,real,1000,2,2026-09-20T00:49:38.141645+00:00
real_00831.npy,pet,sensor2_side,real,1000,2,2026-09-20T00:49:38.546309+00:00
real_00832.npy,pet,sensor2_side,real,1000,2,2026-09-20T00:49:39.105064+00:00
real_00833.npy,pet,sensor2_side,real,1000,2,2026-09-20T00:49:39.503287+00:00
real_00834.npy,pet,sensor2_side,real,1000,2,2026-09-20T00:49:39.921614+00:00
real_00835.npy,pet,sensor2_side,real,1000,2,2026-09-20T00:49:40.346223+00:00
real_00836.npy,pet,sensor2_side,real,1000,2,2026-09-20T00:49:40.770082+00:00
real_00837.npy,pet,sensor2_side,real,1000,2,2026-09-20T00:49:41.173434+00:00
real_00838.npy,pet,sensor2_side,real,1000,2,2026-09-20T00:49:41.574069+00:00
real_00839.npy,pet,sensor2_side,real,1000,2,2026-09-20T00:49:42.001063+00:00
real_00840.npy,scratch,sensor2_side,real,1000,2,2026-09-20T00:49:52.127685+00:00
real_00841.npy,scratch,sensor2_side,real,1000,2,2026-09-20T00:49:52.528935+00:00
real_00842.npy,scratch,sensor2_side,real,1000,2,2026-09-20T00:49:52.926459+00:00
real_00843.npy,scratch,sensor2_side,real,1000,2,2026-09-20T00:49:53.326831+00:00
real_00844.npy,scratch,sensor2_side,real,1000,2,2026-09-20T00:49:53.736844+00:00
real_00845.npy,scratch,sensor2_side,real,1000,2,2026-09-20T00:49:54.137730+00:00
real_00846.npy,scratch,sensor2_side,real,1000,2,2026-09-20T00:49:54.533994+00:00
real_00847.npy,scratch,sensor2_side,real,1000,2,2026-09-20T00:49:54.935443+00:00
real_00848.npy,scratch,sensor2_side,real,1000,2,2026-09-20T00:49:55.336819+00:00
real_00849.npy,scratch,sensor2_side,real,1000,2,2026-09-20T00:49:55.732124+00:00
real_00850.npy,scratch,sensor2_side,real,1000,2,2026-09-20T00:49:56.133402+00:00
real_00851.npy,scratch,sensor2_side,real,1000,2,2026-09-20T00:49:56.533574+00:00
real_00852.npy,scratch,sensor2_side,real,1000,2,2026-09-20T00:49:56.933255+00:00
real_00853.npy,scratch,sensor2_side,real,1000,2,2026-09-20T00:49:57.331850+00:00
real_00854.npy,scratch,sensor2_side,real,1000,2,2026-09-20T00:49:57.731245+00:00
real_00855.npy,scratch,sensor2_side,real,1000,2,2026-09-20T00:49:58.145231+00:00
real_00856.npy,scratch,sensor2_side,real,1000,2,2026-09-20T00:49:58.544039+00:00
real_00857.npy,scratch,sensor2_side,real,1000,2,2026-09-20T00:49:58.948923+00:00
real_00858.npy,scratch,sensor2_side,real,1000,2,2026-09-20T00:49:59.348091+00:00
real_00859.npy,scratch,sensor2_side,real,1000,2,2026-09-20T00:49:59.747171+00:00
real_00860.npy,scratch,sensor2_side,real,1000,2,2026-09-20T00:50:00.147796+00:00
real_00861.npy,scratch,sensor2_side,real,1000,2,2026-09-20T00:50:00.560757+00:00
real_00862.npy,scratch,sensor2_side,real,1000,2,2026-09-20T00:50:00.958745+00:00
real_00863.npy,scratch,sensor2_side,real,1000,2,2026-09-20T00:50:01.368748+00:00
real_00864.npy,scratch,sensor2_side,real,1000,2,2026-09-20T00:50:01.772170+00:00
real_00865.npy,scratch,sensor2_side,real,1000,2,2026-09-20T00:50:02.171182+00:00
real_00866.npy,scratch,sensor2_side,real,1000,2,2026-09-20T00:50:02.599427+00:00
real_00867.npy,scratch,sensor2_side,real,1000,2,2026-09-20T00:50:03.002154+00:00
real_00868.npy,scratch,sensor2_side,real,1000,2,2026-09-20T00:50:03.401096+00:00
real_00869.npy,scratch,sensor2_side,real,1000,2,2026-09-20T00:50:03.802561+00:00
real_00870.npy,hard_tap,sensor2_side,real,1000,2,2026-09-20T00:50:13.541319+00:00
real_00871.npy,hard_tap,sensor2_side,real,1000,2,2026-09-20T00:50:13.939225+00:00
real_00872.npy,hard_tap,sensor2_side,real,1000,2,2026-09-20T00:50:14.351210+00:00
real_00873.npy,hard_tap,sensor2_side,real,1000,2,2026-09-20T00:50:14.750062+00:00
real_00874.npy,hard_tap,sensor2_side,real,1000,2,2026-09-20T00:50:15.148836+00:00
real_00875.npy,hard_tap,sensor2_side,real,1000,2,2026-09-20T00:50:15.548095+00:00
real_00876.npy,hard_tap,sensor2_side,real,1000,2,2026-09-20T00:50:16.034431+00:00
real_00877.npy,hard_tap,sensor2_side,real,1000,2,2026-09-20T00:50:16.436585+00:00
real_00878.npy,hard_tap,sensor2_side,real,1000,2,2026-09-20T00:50:16.833426+00:00
real_00879.npy,hard_tap,sensor2_side,real,1000,2,2026-09-20T00:50:17.233897+00:00
real_00880.npy,hard_tap,sensor2_side,real,1000,2,2026-09-20T00:50:17.634748+00:00
real_00881.npy,hard_tap,sensor2_side,real,1000,2,2026-09-20T00:50:18.049214+00:00
real_00882.npy,hard_tap,sensor2_side,real,1000,2,2026-09-20T00:50:18.479575+00:00
real_00883.npy,hard_tap,sensor2_side,real,1000,2,2026-09-20T00:50:18.880865+00:00
real_00884.npy,hard_tap,sensor2_side,real,1000,2,2026-09-20T00:50:19.277230+00:00
real_00885.npy,hard_tap,sensor2_side,real,1000,2,2026-09-20T00:50:19.678619+00:00
real_00886.npy,hard_tap,sensor2_side,real,1000,2,2026-09-20T00:50:20.078308+00:00
real_00887.npy,hard_tap,sensor2_side,real,1000,2,2026-09-20T00:50:20.475431+00:00
real_00888.npy,hard_tap,sensor2_side,real,1000,2,2026-09-20T00:50:20.879422+00:00
real_00889.npy,hard_tap,sensor2_side,real,1000,2,2026-09-20T00:50:21.312611+00:00
real_00890.npy,hard_tap,sensor2_side,real,1000,2,2026-09-20T00:50:21.708175+00:00
real_00891.npy,hard_tap,sensor2_side,real,1000,2,2026-09-20T00:50:22.107665+00:00
real_00892.npy,hard_tap,sensor2_side,real,1000,2,2026-09-20T00:50:22.505494+00:00
real_00893.npy,hard_tap,sensor2_side,real,1000,2,2026-09-20T00:50:22.911246+00:00
real_00894.npy,hard_tap,sensor2_side,real,1000,2,2026-09-20T00:50:23.324577+00:00
real_00895.npy,hard_tap,sensor2_side,real,1000,2,2026-09-20T00:50:23.721091+00:00
real_00896.npy,hard_tap,sensor2_side,real,1000,2,2026-09-20T00:50:24.123113+00:00
real_00897.npy,hard_tap,sensor2_side,real,1000,2,2026-09-20T00:50:24.524496+00:00
real_00898.npy,hard_tap,sensor2_side,real,1000,2,2026-09-20T00:50:25.019761+00:00
real_00899.npy,hard_tap,sensor2_side,real,1000,2,2026-09-20T00:50:25.420389+00:00
real_00900.npy,tap,rear_left_side,real,1000,5,2026-09-20T06:48:20.305687+00:00
real_00901.npy,tap,rear_left_side,real,1000,5,2026-09-20T06:48:24.833601+00:00
real_00902.npy,tap,rear_left_side,real,1000,5,2026-09-20T06:48:26.910670+00:00
real_00903.npy,tap,rear_left_side,real,1000,5,2026-09-20T06:48:32.418866+00:00
real_00904.npy,tap,rear_left_side,real,1000,5,2026-09-20T06:48:36.173953+00:00
real_00905.npy,tap,rear_left_side,real,1000,5,2026-09-20T06:48:37.669586+00:00
real_00906.npy,tap,rear_left_side,real,1000,5,2026-09-20T06:48:39.279565+00:00
real_00907.npy,tap,rear_left_side,real,1000,5,2026-09-20T06:48:41.107260+00:00
real_00908.npy,tap,rear_left_side,real,1000,5,2026-09-20T06:48:43.599444+00:00
real_00909.npy,tap,rear_left_side,real,1000,5,2026-09-20T06:48:45.675969+00:00
real_00910.npy,tap,rear_left_side,real,1000,5,2026-09-20T06:48:47.657407+00:00
real_00911.npy,tap,rear_left_side,real,1000,5,2026-09-20T06:48:49.587024+00:00
real_00912.npy,tap,rear_left_side,real,1000,5,2026-09-20T06:48:51.663606+00:00
real_00913.npy,tap,rear_left_side,real,1000,5,2026-09-20T06:48:53.926136+00:00
real_00914.npy,tap,rear_left_side,real,1000,5,2026-09-20T06:48:55.497488+00:00
real_00915.npy,tap,rear_left_side,real,1000,5,2026-09-20T06:48:57.423139+00:00
real_00916.npy,tap,rear_left_side,real,1000,5,2026-09-20T06:48:59.318428+00:00
real_00917.npy,tap,rear_left_side,real,1000,5,2026-09-20T06:49:01.491374+00:00
real_00918.npy,tap,rear_left_side,real,1000,5,2026-09-20T06:49:03.240108+00:00
real_00919.npy,tap,rear_left_side,real,1000,5,2026-09-20T06:49:04.942229+00:00
real_00920.npy,tap,rear_right_side,real,1000,5,2026-09-20T06:49:09.683423+00:00
real_00921.npy,tap,rear_right_side,real,1000,5,2026-09-20T06:49:11.523209+00:00
real_00922.npy,tap,rear_right_side,real,1000,5,2026-09-20T06:49:13.616449+00:00
real_00923.npy,tap,rear_right_side,real,1000,5,2026-09-20T06:49:15.375922+00:00
real_00924.npy,tap,rear_right_side,real,1000,5,2026-09-20T06:49:17.110333+00:00
real_00925.npy,tap,rear_right_side,real,1000,5,2026-09-20T06:49:19.632174+00:00
real_00926.npy,tap,rear_right_side,real,1000,5,2026-09-20T06:49:21.197133+00:00
real_00927.npy,tap,rear_right_side,real,1000,5,2026-09-20T06:49:23.613389+00:00
real_00928.npy,tap,rear_right_side,real,1000,5,2026-09-20T06:49:24.947520+00:00
real_00929.npy,tap,rear_right_side,real,1000,5,2026-09-20T06:49:26.385928+00:00
real_00930.npy,tap,rear_right_side,real,1000,5,2026-09-20T06:49:29.075615+00:00
real_00931.npy,tap,rear_right_side,real,1000,5,2026-09-20T06:49:30.689074+00:00
real_00932.npy,tap,rear_right_side,real,1000,5,2026-09-20T06:49:32.177972+00:00
real_00933.npy,tap,rear_right_side,real,1000,5,2026-09-20T06:49:33.650403+00:00
real_00934.npy,tap,rear_right_side,real,1000,5,2026-09-20T06:49:35.129963+00:00
real_00935.npy,tap,rear_right_side,real,1000,5,2026-09-20T06:49:36.783828+00:00
real_00936.npy,tap,rear_right_side,real,1000,5,2026-09-20T06:49:38.183636+00:00
real_00937.npy,tap,rear_right_side,real,1000,5,2026-09-20T06:49:39.757456+00:00
real_00938.npy,tap,rear_right_side,real,1000,5,2026-09-20T06:49:41.183567+00:00
real_00939.npy,tap,rear_right_side,real,1000,5,2026-09-20T06:49:42.616133+00:00
real_00940.npy,tap,rear_top_butt,real,1000,5,2026-09-20T06:49:46.657040+00:00
real_00941.npy,tap,rear_top_butt,real,1000,5,2026-09-20T06:49:48.380920+00:00
real_00942.npy,tap,rear_top_butt,real,1000,5,2026-09-20T06:49:50.111751+00:00
real_00943.npy,tap,rear_top_butt,real,1000,5,2026-09-20T06:49:51.900763+00:00
real_00944.npy,tap,rear_top_butt,real,1000,5,2026-09-20T06:49:53.460517+00:00
real_00945.npy,tap,rear_top_butt,real,1000,5,2026-09-20T06:49:55.206409+00:00
real_00946.npy,tap,rear_top_butt,real,1000,5,2026-09-20T06:49:56.663494+00:00
real_00947.npy,tap,rear_top_butt,real,1000,5,2026-09-20T06:49:58.130263+00:00
real_00948.npy,tap,rear_top_butt,real,1000,5,2026-09-20T06:49:59.778585+00:00
real_00949.npy,tap,rear_top_butt,real,1000,5,2026-09-20T06:50:01.453294+00:00
real_00950.npy,tap,rear_top_butt,real,1000,5,2026-09-20T06:50:02.922827+00:00
real_00951.npy,tap,rear_top_butt,real,1000,5,2026-09-20T06:50:04.253659+00:00
real_00952.npy,tap,rear_top_butt,real,1000,5,2026-09-20T06:50:05.822635+00:00
real_00953.npy,tap,rear_top_butt,real,1000,5,2026-09-20T06:50:07.546423+00:00
real_00954.npy,tap,rear_top_butt,real,1000,5,2026-09-20T06:50:09.071029+00:00
real_00955.npy,tap,rear_top_butt,real,1000,5,2026-09-20T06:50:10.926960+00:00
real_00956.npy,tap,rear_top_butt,real,1000,5,2026-09-20T06:50:12.587046+00:00
real_00957.npy,tap,rear_top_butt,real,1000,5,2026-09-20T06:50:14.331166+00:00
real_00958.npy,tap,rear_top_butt,real,1000,5,2026-09-20T06:50:15.842828+00:00
real_00959.npy,tap,rear_top_butt,real,1000,5,2026-09-20T06:50:17.559360+00:00
real_00960.npy,tap,front_right_side,real,1000,5,2026-09-20T06:50:28.950485+00:00
real_00961.npy,tap,front_right_side,real,1000,5,2026-09-20T06:50:30.483503+00:00
real_00962.npy,tap,front_right_side,real,1000,5,2026-09-20T06:50:32.056014+00:00
real_00963.npy,tap,front_right_side,real,1000,5,2026-09-20T06:50:33.492567+00:00
real_00964.npy,tap,front_right_side,real,1000,5,2026-09-20T06:50:34.878656+00:00
real_00965.npy,tap,front_right_side,real,1000,5,2026-09-20T06:50:36.696645+00:00
real_00966.npy,tap,front_right_side,real,1000,5,2026-09-20T06:50:38.064641+00:00
real_00967.npy,tap,front_right_side,real,1000,5,2026-09-20T06:50:39.688958+00:00
real_00968.npy,tap,front_right_side,real,1000,5,2026-09-20T06:50:41.063696+00:00
real_00969.npy,tap,front_right_side,real,1000,5,2026-09-20T06:50:42.461123+00:00
real_00970.npy,tap,front_right_side,real,1000,5,2026-09-20T06:50:43.803496+00:00
real_00971.npy,tap,front_right_side,real,1000,5,2026-09-20T06:50:45.262102+00:00
real_00972.npy,tap,front_right_side,real,1000,5,2026-09-20T06:50:46.715426+00:00
real_00973.npy,tap,front_right_side,real,1000,5,2026-09-20T06:50:48.250961+00:00
real_00974.npy,tap,front_right_side,real,1000,5,2026-09-20T06:50:50.347532+00:00
real_00975.npy,tap,front_right_side,real,1000,5,2026-09-20T06:50:51.675163+00:00
real_00976.npy,tap,front_right_side,real,1000,5,2026-09-20T06:50:52.987493+00:00
real_00977.npy,tap,front_right_side,real,1000,5,2026-09-20T06:50:54.331850+00:00
real_00978.npy,tap,front_right_side,real,1000,5,2026-09-20T06:50:55.748566+00:00
real_00979.npy,tap,front_right_side,real,1000,5,2026-09-20T06:50:57.106768+00:00
real_00980.npy,tap,front_left_side,real,1000,5,2026-09-20T06:51:05.023581+00:00
real_00981.npy,tap,front_left_side,real,1000,5,2026-09-20T06:51:06.617086+00:00
real_00982.npy,tap,front_left_side,real,1000,5,2026-09-20T06:51:08.091114+00:00
real_00983.npy,tap,front_left_side,real,1000,5,2026-09-20T06:51:09.417376+00:00
real_00984.npy,tap,front_left_side,real,1000,5,2026-09-20T06:51:10.658050+00:00
real_00985.npy,tap,front_left_side,real,1000,5,2026-09-20T06:51:12.137833+00:00
real_00986.npy,tap,front_left_side,real,1000,5,2026-09-20T06:51:13.247649+00:00
real_00987.npy,tap,front_left_side,real,1000,5,2026-09-20T06:51:14.428106+00:00
real_00988.npy,tap,front_left_side,real,1000,5,2026-09-20T06:51:15.583117+00:00
real_00989.npy,tap,front_left_side,real,1000,5,2026-09-20T06:51:16.735061+00:00
real_00990.npy,tap,front_left_side,real,1000,5,2026-09-20T06:51:18.125432+00:00
real_00991.npy,tap,front_left_side,real,1000,5,2026-09-20T06:51:19.315463+00:00
real_00992.npy,tap,front_left_side,real,1000,5,2026-09-20T06:51:20.475125+00:00
real_00993.npy,tap,front_left_side,real,1000,5,2026-09-20T06:51:21.676814+00:00
real_00994.npy,tap,front_left_side,real,1000,5,2026-09-20T06:51:22.996048+00:00
real_00995.npy,tap,front_left_side,real,1000,5,2026-09-20T06:51:24.092110+00:00
real_00996.npy,tap,front_left_side,real,1000,5,2026-09-20T06:51:25.310463+00:00
real_00997.npy,tap,front_left_side,real,1000,5,2026-09-20T06:51:26.467025+00:00
real_00998.npy,tap,front_left_side,real,1000,5,2026-09-20T06:51:27.764919+00:00
real_00999.npy,tap,front_left_side,real,1000,5,2026-09-20T06:51:28.881720+00:00
