file,side,direction,sample_rate,num_sensors,timestamp
motion_00000.npy,left,front_to_back,1000,5,2026-09-20T08:24:41.434792+00:00
motion_00001.npy,left,front_to_back,1000,5,2026-09-20T08:24:45.105255+00:00
motion_00002.npy,left,front_to_back,1000,5,2026-09-20T08:24:47.419893+00:00
motion_00003.npy,left,front_to_back,1000,5,2026-09-20T08:24:49.703012+00:00
motion_00004.npy,left,front_to_back,1000,5,2026-09-20T08:24:53.436763+00:00
motion_00005.npy,left,front_to_back,1000,5,2026-09-20T08:24:55.362230+00:00
motion_00006.npy,left,front_to_back,1000,5,2026-09-20T08:24:57.245776+00:00
motion_00007.npy,left,front_to_back,1000,5,2026-09-20T08:24:59.129973+00:00
motion_00008.npy,left,front_to_back,1000,5,2026-09-20T08:25:01.378029+00:00
motion_00009.npy,left,front_to_back,1000,5,2026-09-20T08:25:03.355677+00:00
motion_00010.npy,left,front_to_back,1000,5,2026-09-20T08:25:06.881891+00:00
motion_00011.npy,left,front_to_back,1000,5,2026-09-20T08:25:08.722889+00:00
motion_00012.npy,left,front_to_back,1000,5,2026-09-20T08:25:10.253990+00:00
motion_00013.npy,left,front_to_back,1000,5,2026-09-20T08:25:11.829214+00:00
motion_00014.npy,left,front_to_back,1000,5,2026-09-20T08:25:14.085101+00:00
motion_00015.npy,left,front_to_back,1000,5,2026-09-20T08:25:16.027066+00:00
motion_00016.npy,left,front_to_back,1000,5,2026-09-20T08:25:18.580133+00:00
motion_00017.npy,left,front_to_back,1000,5,2026-09-20T08:25:20.277945+00:00
motion_00018.npy,left,front_to_back,1000,5,2026-09-20T08:25:24.141303+00:00
motion_00019.npy,left,front_to_back,1000,5,2026-09-20T08:25:26.505591+00:00
motion_00020.npy,left,back_to_front,1000,5,2026-09-20T08:25:31.246949+00:00
motion_00021.npy,left,back_to_front,1000,5,2026-09-20T08:25:33.458525+00:00
motion_00022.npy,left,back_to_front,1000,5,2026-09-20T08:25:35.375491+00:00
motion_00023.npy,left,back_to_front,1000,5,2026-09-20T08:25:37.251412+00:00
motion_00024.npy,left,back_to_front,1000,5,2026-09-20T08:25:38.922681+00:00
motion_00025.npy,left,back_to_front,1000,5,2026-09-20T08:25:40.512521+00:00
motion_00026.npy,left,back_to_front,1000,5,2026-09-20T08:25:42.525714+00:00
motion_00027.npy,left,back_to_front,1000,5,2026-09-20T08:25:44.732472+00:00
motion_00028.npy,left,back_to_front,1000,5,2026-09-20T08:25:46.532300+00:00
motion_00029.npy,left,back_to_front,1000,5,2026-09-20T08:25:48.822830+00:00
motion_00030.npy,left,back_to_front,1000,5,2026-09-20T08:25:50.641523+00:00
motion_00031.npy,left,back_to_front,1000,5,2026-09-20T08:25:53.084184+00:00
motion_00032.npy,left,back_to_front,1000,5,2026-09-20T08:25:54.909363+00:00
motion_00033.npy,left,back_to_front,1000,5,2026-09-20T08:25:56.654772+00:00
motion_00034.npy,left,back_to_front,1000,5,2026-09-20T08:25:58.502892+00:00
motion_00035.npy,left,back_to_front,1000,5,2026-09-20T08:26:01.266677+00:00
motion_00036.npy,left,back_to_front,1000,5,2026-09-20T08:26:02.879638+00:00
motion_00037.npy,left,back_to_front,1000,5,2026-09-20T08:26:05.688983+00:00
motion_00038.npy,left,back_to_front,1000,5,2026-09-20T08:26:06.883345+00:00
motion_00039.npy,left,back_to_front,1000,5,2026-09-20T08:26:09.330045+00:00
motion_00040.npy,right,front_to_back,1000,5,2026-09-20T08:26:27.084483+00:00
motion_00041.npy,right,front_to_back,1000,5,2026-09-20T08:26:56.426061+00:00
motion_00042.npy,right,front_to_back,1000,5,2026-09-20T08:26:59.095594+00:00
motion_00043.npy,right,front_to_back,1000,5,2026-09-20T08:27:01.236544+00:00
motion_00044.npy,right,front_to_back,1000,5,2026-09-20T08:27:09.054742+00:00
motion_00045.npy,right,front_to_back,1000,5,2026-09-20T08:27:11.334004+00:00
motion_00046.npy,right,front_to_back,1000,5,2026-09-20T08:27:13.247953+00:00
motion_00047.npy,right,front_to_back,1000,5,2026-09-20T08:27:15.653719+00:00
motion_00048.npy,right,front_to_back,1000,5,2026-09-20T08:27:17.574174+00:00
motion_00049.npy,right,front_to_back,1000,5,2026-09-20T08:27:20.498579+00:00
motion_00050.npy,right,front_to_back,1000,5,2026-09-20T08:27:22.654767+00:00
motion_00051.npy,right,front_to_back,1000,5,2026-09-20T08:27:24.232607+00:00
motion_00052.npy,right,front_to_back,1000,5,2026-09-20T08:27:26.033191+00:00
motion_00053.npy,right,front_to_back,1000,5,2026-09-20T08:27:27.650447+00:00
motion_00054.npy,right,front_to_back,1000,5,2026-09-20T08:27:29.618548+00:00
motion_00055.npy,right,front_to_back,1000,5,2026-09-20T08:27:31.694947+00:00
motion_00056.npy,right,front_to_back,1000,5,2026-09-20T08:27:37.875531+00:00
motion_00057.npy,right,front_to_back,1000,5,2026-09-20T08:27:39.776842+00:00
motion_00058.npy,right,front_to_back,1000,5,2026-09-20T08:27:41.742896+00:00
motion_00059.npy,right,front_to_back,1000,5,2026-09-20T08:27:43.789942+00:00
motion_00060.npy,right,back_to_front,1000,5,2026-09-20T08:27:48.248300+00:00
motion_00061.npy,right,back_to_front,1000,5,2026-09-20T08:27:50.345594+00:00
motion_00062.npy,right,back_to_front,1000,5,2026-09-20T08:27:52.817564+00:00
motion_00063.npy,right,back_to_front,1000,5,2026-09-20T08:27:55.009140+00:00
motion_00064.npy,right,back_to_front,1000,5,2026-09-20T08:27:56.795935+00:00
motion_00065.npy,right,back_to_front,1000,5,2026-09-20T08:27:58.674753+00:00
motion_00066.npy,right,back_to_front,1000,5,2026-09-20T08:28:00.438419+00:00
motion_00067.npy,right,back_to_front,1000,5,2026-09-20T08:28:01.919445+00:00
motion_00068.npy,right,back_to_front,1000,5,2026-09-20T08:28:03.712884+00:00
motion_00069.npy,right,back_to_front,1000,5,2026-09-20T08:28:05.416615+00:00
motion_00070.npy,right,back_to_front,1000,5,2026-09-20T08:28:07.159989+00:00
motion_00071.npy,right,back_to_front,1000,5,2026-09-20T08:28:08.786746+00:00
motion_00072.npy,right,back_to_front,1000,5,2026-09-20T08:28:10.388172+00:00
motion_00073.npy,right,back_to_front,1000,5,2026-09-20T08:28:12.012449+00:00
motion_00074.npy,right,back_to_front,1000,5,2026-09-20T08:28:13.655951+00:00
motion_00075.npy,right,back_to_front,1000,5,2026-09-20T08:28:16.012973+00:00
motion_00076.npy,right,back_to_front,1000,5,2026-09-20T08:28:17.150802+00:00
motion_00077.npy,right,back_to_front,1000,5,2026-09-20T08:28:19.084275+00:00
motion_00078.npy,right,back_to_front,1000,5,2026-09-20T08:28:20.869506+00:00
motion_00079.npy,right,back_to_front,1000,5,2026-09-20T08:28:22.483953+00:00
